{"cameraMode":{"drawMode":0,"name":"Shaded","section":"Shading Mode"},"sceneLighting":false,"audioPlay":false,"sceneViewState":{"m_AlwaysRefresh":false,"showFog":true,"showSkybox":false,"showFlares":true,"showImageEffects":true,"showParticleSystems":true,"showVisualEffectGraphs":true,"m_FxEnabled":true},"in2DMode":false,"pivot":{"x":1.4046703577041627,"y":-1.7930172681808472,"z":-22.260051727294923},"rotation":{"x":0.0010086013935506344,"y":0.9983770847320557,"z":-0.05427434295415878,"w":0.018594900146126748},"size":12.562344551086426,"orthographic":false}